{
  "action_stats": {
    "component_manufacture": {
      "hours_mad": 1.7000000000000002,
      "hours_max": 13.7,
      "hours_median": 7.0,
      "rate_mad": 8.113595503718727,
      "rate_max": 107.36447368421054,
      "rate_median": 64.64713725490196
    },
    "final_integration": {
      "hours_mad": 6.8,
      "hours_max": 47.6,
      "hours_median": 21.9,
      "rate_mad": 8.088443759630195,
      "rate_max": 141.63457943925235,
      "rate_median": 105.66227223503932
    },
    "subassembly": {
      "hours_mad": 3.0,
      "hours_max": 23.7,
      "hours_median": 12.1,
      "rate_mad": 7.8004807692307665,
      "rate_max": 124.08333333333331,
      "rate_median": 85.18128120504358
    }
  },
  "supplier_country": {
    "sup-0001": {
      "CA": 210,
      "EU": 10,
      "GB": 2
    },
    "sup-0002": {
      "CA": 330,
      "EU": 12,
      "GB": 5
    },
    "sup-0003": {
      "CA": 352,
      "EU": 11,
      "GB": 3
    },
    "sup-0004": {
      "CA": 227,
      "EU": 6,
      "GB": 5
    },
    "sup-0005": {
      "CA": 365,
      "EU": 11,
      "GB": 5
    },
    "sup-0006": {
      "CA": 350,
      "EU": 11,
      "GB": 3
    },
    "sup-0007": {
      "CA": 256,
      "EU": 16,
      "GB": 3
    },
    "sup-0008": {
      "CA": 200,
      "EU": 10,
      "GB": 1
    },
    "sup-0009": {
      "CA": 255,
      "EU": 11,
      "GB": 3
    },
    "sup-0010": {
      "CA": 232,
      "EU": 9,
      "GB": 2
    },
    "sup-0011": {
      "CA": 258,
      "EU": 13,
      "GB": 3
    },
    "sup-0012": {
      "CA": 338,
      "EU": 14,
      "GB": 1,
      "IT": 1
    },
    "sup-0013": {
      "CA": 211,
      "EU": 9,
      "GB": 2
    },
    "sup-0014": {
      "CA": 353,
      "EU": 14,
      "GB": 4
    },
    "sup-0015": {
      "CA": 184,
      "EU": 11,
      "GB": 3
    },
    "sup-0016": {
      "EU": 9,
      "GB": 7,
      "US": 227
    },
    "sup-0017": {
      "EU": 13,
      "GB": 5,
      "US": 200
    },
    "sup-0018": {
      "EU": 13,
      "GB": 3,
      "US": 219
    },
    "sup-0019": {
      "EU": 11,
      "GB": 4,
      "US": 190
    },
    "sup-0020": {
      "EU": 10,
      "GB": 6,
      "US": 186
    },
    "sup-0021": {
      "EU": 11,
      "GB": 5,
      "US": 211
    },
    "sup-0022": {
      "EU": 20,
      "GB": 4,
      "US": 195
    },
    "sup-0023": {
      "EU": 6,
      "GB": 5,
      "IT": 1,
      "US": 201
    },
    "sup-0024": {
      "EU": 19,
      "GB": 1,
      "US": 209
    },
    "sup-0025": {
      "EU": 15,
      "GB": 7,
      "US": 235
    },
    "sup-0026": {
      "EU": 16,
      "GB": 2,
      "US": 206
    },
    "sup-0027": {
      "EU": 10,
      "GB": 6,
      "US": 56
    },
    "sup-0028": {
      "CN": 333,
      "EU": 13,
      "GB": 3
    },
    "sup-0029": {
      "CN": 367,
      "EU": 15,
      "GB": 6
    },
    "sup-0030": {
      "CN": 383,
      "EU": 11,
      "GB": 1
    },
    "sup-0031": {
      "CN": 369,
      "EU": 6,
      "GB": 2
    },
    "sup-0032": {
      "CN": 391,
      "EU": 14
    },
    "sup-0033": {
      "CN": 374,
      "EU": 13,
      "GB": 5
    },
    "sup-0034": {
      "CN": 386,
      "EU": 9,
      "GB": 3
    },
    "sup-0035": {
      "CN": 401,
      "EU": 12,
      "GB": 3,
      "IT": 1
    },
    "sup-0036": {
      "EU": 17,
      "GB": 4,
      "IT": 1,
      "JP": 356
    },
    "sup-0037": {
      "EU": 14,
      "GB": 7,
      "JP": 297
    },
    "sup-0038": {
      "EU": 15,
      "GB": 1,
      "IT": 1,
      "JP": 341
    },
    "sup-0039": {
      "EU": 4,
      "GB": 3,
      "JP": 352
    },
    "sup-0040": {
      "EU": 17,
      "GB": 4,
      "JP": 296
    },
    "sup-0041": {
      "DE": 103,
      "EU": 17
    },
    "sup-0042": {
      "DE": 67,
      "EU": 14,
      "GB": 2
    },
    "sup-0043": {
      "DE": 141,
      "EU": 20,
      "GB": 2
    },
    "sup-0044": {
      "DE": 141,
      "EU": 14,
      "GB": 4
    },
    "sup-0045": {
      "EU": 11,
      "GB": 1,
      "KR": 422
    },
    "sup-0046": {
      "EU": 12,
      "GB": 2,
      "KR": 113
    },
    "sup-0047": {
      "EU": 14,
      "GB": 2,
      "IT": 1,
      "KR": 425
    },
    "sup-0048": {
      "EU": 15,
      "GB": 2,
      "TW": 448
    },
    "sup-0049": {
      "EU": 7,
      "GB": 1,
      "IT": 1,
      "TW": 576
    },
    "sup-0050": {
      "EU": 7,
      "GB": 6,
      "TW": 590
    },
    "sup-0051": {
      "EU": 13,
      "FR": 78,
      "GB": 3
    },
    "sup-0052": {
      "EU": 10,
      "FR": 77,
      "GB": 3
    },
    "sup-0053": {
      "EU": 21,
      "FR": 65,
      "GB": 5
    },
    "sup-0054": {
      "EU": 10,
      "GB": 1,
      "NL": 9
    },
    "sup-0055": {
      "EU": 11,
      "GB": 10,
      "NL": 9
    },
    "sup-0056": {
      "EU": 19,
      "GB": 1,
      "UK": 57
    },
    "sup-0057": {
      "EU": 15,
      "GB": 3,
      "UK": 71
    },
    "sup-0058": {
      "EU": 10,
      "GB": 6
    },
    "sup-0059": {
      "EU": 5,
      "GB": 5,
      "IN": 74
    },
    "sup-0060": {
      "CH": 34,
      "EU": 15,
      "GB": 2
    },
    "sup-0061": {
      "EU": 21,
      "GB": 2,
      "SG": 20
    },
    "sup-avss-corp": {
      "CA": 206,
      "EU": 12,
      "GB": 2
    },
    "sup-cousin": {
      "EU": 10,
      "FR": 25,
      "GB": 3
    },
    "sup-mcmaster": {
      "EU": 8,
      "GB": 4,
      "US": 186,
      "VN": 1
    },
    "sup-nanuk": {
      "CA": 330,
      "EU": 10,
      "GB": 3
    },
    "sup-porcher": {
      "EU": 11,
      "FR": 16,
      "GB": 7
    },
    "sup-protolabs": {
      "EU": 21,
      "GB": 2,
      "US": 206
    },
    "sup-sequre": {
      "CN": 401,
      "EU": 11,
      "GB": 3
    },
    "sup-tbs": {
      "EU": 23,
      "GB": 5,
      "HK": 1
    }
  },
  "thresholds": {
    "hours_z_soft": 3.0,
    "origin_min_count": 1,
    "rate_z_hard": 6.0,
    "rate_z_soft": 3.75
  },
  "timing_whitelist": {
    "component_manufacture": [
      "14:30:00Z"
    ],
    "final_integration": [
      "14:30:00Z"
    ],
    "raw_material_supply": [
      "09:00:00Z"
    ],
    "subassembly": [
      "14:30:00Z"
    ]
  }
}